Unnamed: 0,school_GP,school_MS,sex_F,sex_M,address_R,address_U,famsize_GT3,famsize_LE3,Pstatus_A,Pstatus_T,Mjob_at_home,Mjob_health,Mjob_other,Mjob_services,Mjob_teacher,Fjob_at_home,Fjob_health,Fjob_other,Fjob_services,Fjob_teacher,reason_course,reason_home,reason_other,reason_reputation,guardian_father,guardian_mother,guardian_other,schoolsup_no,schoolsup_yes,famsup_no,famsup_yes,paid_no,paid_yes,activities_no,activities_yes,nursery_no,nursery_yes,higher_no,higher_yes,internet_no,internet_yes,romantic_no,romantic_yes,age,Medu,Fedu,traveltime,studytime,failures,famrel,freetime,goout,health,absences,G1,G2,G3
125,1,0,0,1,0,1,1,0,0,1,0,0,0,1,0,0,0,0,1,0,0,1,0,0,1,0,0,0,1,1,0,1,0,1,0,0,1,0,1,0,1,1,0,15,3,4,1,1,0,5,5,5,5,0,13,13,12
205,1,0,1,0,0,1,1,0,0,1,1,0,0,0,0,0,0,0,1,0,0,1,0,0,0,1,0,1,0,0,1,0,1,1,0,0,1,0,1,0,1,0,1,17,3,4,1,3,1,4,4,3,5,28,10,9,9
117,1,0,0,1,0,1,1,0,0,1,0,0,1,0,0,0,0,0,1,0,0,1,0,0,1,0,0,1,0,1,0,1,0,0,1,0,1,0,1,0,1,1,0,16,3,3,2,1,0,5,4,2,5,0,13,14,13
216,1,0,1,0,0,1,1,0,0,1,0,0,1,0,0,0,0,1,0,0,0,0,0,1,0,1,0,1,0,1,0,0,1,1,0,0,1,0,1,0,1,0,1,17,4,3,1,2,2,3,4,5,1,22,6,6,4
210,1,0,1,0,0,1,1,0,0,1,0,0,1,0,0,0,0,1,0,0,0,0,0,1,0,0,1,1,0,0,1,0,1,0,1,0,1,0,1,0,1,1,0,19,3,3,1,4,0,4,3,3,3,10,8,8,8
236,1,0,0,1,0,1,0,1,0,1,0,0,1,0,0,0,0,1,0,0,0,1,0,0,1,0,0,1,0,1,0,0,1,0,1,1,0,0,1,0,1,0,1,17,2,2,1,2,0,4,4,2,4,4,14,13,13
366,0,1,0,1,0,1,0,1,0,1,0,0,0,0,1,0,0,0,1,0,0,0,1,0,0,1,0,1,0,1,0,0,1,1,0,0,1,0,1,0,1,0,1,18,4,4,2,3,0,4,2,2,5,0,13,13,13
218,1,0,1,0,0,1,1,0,0,1,1,0,0,0,0,0,0,1,0,0,0,1,0,0,1,0,0,1,0,0,1,0,1,1,0,0,1,0,1,1,0,1,0,17,2,3,2,1,0,3,3,3,3,3,7,7,8
96,1,0,0,1,1,0,1,0,0,1,0,0,0,1,0,0,0,1,0,0,0,0,0,1,0,1,0,0,1,0,1,1,0,0,1,1,0,0,1,0,1,1,0,16,4,3,2,1,0,3,3,3,4,2,11,15,15
100,1,0,0,1,0,1,1,0,0,1,0,0,0,1,0,0,0,0,1,0,0,0,1,0,0,1,0,0,1,0,1,0,1,0,1,0,1,0,1,0,1,1,0,16,4,4,1,1,0,4,5,5,4,14,7,7,5
297,1,0,1,0,0,1,0,1,0,1,0,0,1,0,0,0,0,1,0,0,0,1,0,0,0,0,1,1,0,0,1,0,1,1,0,0,1,0,1,0,1,0,1,18,4,3,2,2,0,4,4,5,2,10,10,8,8
291,1,0,1,0,0,1,1,0,0,1,0,1,0,0,0,0,0,0,1,0,0,0,0,1,0,1,0,1,0,0,1,0,1,1,0,0,1,0,1,0,1,1,0,17,4,3,1,3,0,4,2,2,3,0,15,15,15
224,1,0,1,0,0,1,1,0,0,1,0,0,0,0,1,0,0,0,1,0,0,1,0,0,0,1,0,1,0,0,1,1,0,0,1,1,0,0,1,0,1,1,0,16,4,4,1,3,0,5,3,2,5,0,13,13,14
113,1,0,0,1,0,1,0,1,0,1,0,0,0,0,1,0,0,1,0,0,1,0,0,0,0,1,0,1,0,1,0,1,0,1,0,0,1,0,1,0,1,1,0,15,4,2,1,1,0,3,5,2,3,10,18,19,19
244,1,0,1,0,0,1,1,0,0,1,0,0,1,0,0,0,0,1,0,0,1,0,0,0,0,0,1,1,0,0,1,0,1,1,0,1,0,0,1,0,1,0,1,18,2,1,2,3,0,4,4,4,3,0,7,0,0
18,1,0,0,1,0,1,1,0,0,1,0,0,0,1,0,0,0,0,1,0,1,0,0,0,0,1,0,1,0,0,1,1,0,0,1,0,1,0,1,0,1,1,0,17,3,2,1,1,3,5,5,5,5,16,6,5,5
9,1,0,0,1,0,1,1,0,0,1,0,0,1,0,0,0,0,1,0,0,0,1,0,0,0,1,0,1,0,0,1,0,1,0,1,0,1,0,1,0,1,1,0,15,3,4,1,2,0,5,5,1,5,0,14,15,15
148,1,0,0,1,0,1,1,0,0,1,0,0,0,0,1,0,0,0,0,1,1,0,0,0,0,1,0,1,0,0,1,1,0,1,0,0,1,1,0,0,1,0,1,16,4,4,1,1,0,3,3,2,5,0,7,6,0
4,1,0,1,0,0,1,1,0,0,1,0,0,1,0,0,0,0,1,0,0,0,1,0,0,1,0,0,1,0,0,1,0,1,1,0,0,1,0,1,1,0,1,0,16,3,3,1,2,0,4,3,2,5,4,6,10,10
356,0,1,1,0,1,0,1,0,0,1,0,0,0,0,1,0,0,0,1,0,0,0,1,0,1,0,0,1,0,0,1,0,1,0,1,0,1,0,1,0,1,1,0,17,4,4,2,2,0,4,3,3,5,4,12,13,13
279,1,0,0,1,0,1,0,1,0,1,0,0,0,0,1,0,0,0,1,0,1,0,0,0,0,1,0,1,0,1,0,0,1,0,1,0,1,0,1,0,1,1,0,18,4,3,2,1,0,4,2,3,1,8,10,11,10
188,1,0,1,0,0,1,1,0,1,0,0,1,0,0,0,0,0,1,0,0,0,0,0,1,0,1,0,1,0,0,1,1,0,1,0,1,0,0,1,0,1,0,1,17,3,3,1,2,0,3,3,3,3,6,8,7,9
234,1,0,0,1,0,1,0,1,0,1,0,0,1,0,0,0,0,1,0,0,0,1,0,0,0,1,0,1,0,0,1,0,1,1,0,0,1,0,1,0,1,1,0,16,1,1,2,2,0,3,4,2,5,18,9,7,6
176,1,0,1,0,0,1,1,0,0,1,0,0,0,1,0,0,0,1,0,0,0,0,0,1,0,1,0,1,0,1,0,0,1,0,1,1,0,0,1,0,1,1,0,16,2,2,2,2,0,3,4,4,5,2,13,13,11
256,1,0,1,0,0,1,0,1,0,1,0,0,0,0,1,0,0,0,1,0,0,0,0,1,0,1,0,1,0,0,1,0,1,0,1,0,1,0,1,0,1,1,0,17,4,2,1,4,0,4,2,3,4,6,14,12,13
263,1,0,1,0,0,1,1,0,0,1,0,0,1,0,0,0,0,1,0,0,0,1,0,0,0,1,0,1,0,1,0,1,0,0,1,1,0,0,1,1,0,1,0,17,3,3,1,3,0,3,2,3,4,4,10,9,9
179,1,0,0,1,0,1,1,0,0,1,0,0,1,0,0,0,0,1,0,0,1,0,0,0,0,1,0,1,0,0,1,1,0,0,1,0,1,0,1,0,1,0,1,17,4,3,1,2,0,5,2,3,2,4,10,10,11
121,1,0,0,1,0,1,1,0,0,1,0,0,0,1,0,0,0,0,1,0,0,1,0,0,1,0,0,1,0,0,1,0,1,0,1,0,1,0,1,0,1,1,0,15,2,2,1,4,0,5,5,4,5,6,16,14,15
119,1,0,0,1,0,1,1,0,0,1,0,0,1,0,0,0,0,1,0,0,0,0,0,1,1,0,0,1,0,1,0,1,0,1,0,0,1,0,1,0,1,1,0,15,3,4,1,1,0,3,4,3,4,6,14,13,13
75,1,0,0,1,0,1,1,0,0,1,0,0,0,0,1,0,0,1,0,0,0,1,0,0,0,1,0,1,0,0,1,0,1,0,1,0,1,0,1,0,1,1,0,15,4,3,1,2,0,4,3,3,5,6,9,9,10
84,1,0,1,0,0,1,1,0,0,1,0,0,1,0,0,0,0,1,0,0,0,1,0,0,1,0,0,1,0,0,1,1,0,0,1,1,0,0,1,0,1,1,0,15,1,1,1,2,0,4,3,2,4,2,9,10,10
382,0,1,0,1,0,1,1,0,0,1,0,0,1,0,0,0,0,0,1,0,0,1,0,0,1,0,0,1,0,1,0,1,0,0,1,0,1,0,1,0,1,1,0,17,2,3,2,2,0,4,4,3,3,2,11,11,10
312,1,0,0,1,0,1,1,0,0,1,0,0,1,0,0,0,0,0,1,0,1,0,0,0,0,0,1,1,0,1,0,1,0,1,0,1,0,0,1,0,1,1,0,19,1,2,1,2,1,4,5,2,4,3,13,11,11
246,1,0,0,1,0,1,1,0,0,1,0,0,1,0,0,0,0,1,0,0,1,0,0,0,1,0,0,1,0,1,0,1,0,1,0,0,1,0,1,0,1,1,0,17,2,3,2,1,0,5,2,2,2,4,12,12,13
199,1,0,1,0,0,1,0,1,0,1,0,0,0,0,1,0,0,0,0,1,0,0,0,1,0,1,0,1,0,0,1,0,1,1,0,0,1,0,1,0,1,1,0,16,4,4,1,2,0,4,5,2,3,0,9,9,10
371,0,1,0,1,1,0,0,1,0,1,1,0,0,0,0,0,0,0,1,0,0,0,1,0,1,0,0,1,0,0,1,0,1,0,1,0,1,1,0,0,1,0,1,18,1,2,3,1,0,4,3,3,3,3,14,12,12
308,1,0,0,1,1,0,1,0,0,1,0,0,1,0,0,0,0,0,1,0,0,0,0,1,1,0,0,1,0,1,0,1,0,0,1,0,1,0,1,1,0,0,1,19,3,3,1,2,1,4,5,3,5,0,15,12,12
150,1,0,0,1,0,1,0,1,0,1,0,0,1,0,0,0,0,1,0,0,1,0,0,0,0,1,0,1,0,1,0,1,0,1,0,0,1,1,0,0,1,0,1,18,1,1,1,1,3,2,3,5,4,0,6,5,0
296,1,0,1,0,0,1,1,0,0,1,0,1,0,0,0,0,0,1,0,0,0,0,0,1,0,0,1,1,0,0,1,0,1,0,1,0,1,0,1,0,1,1,0,19,4,4,2,2,0,2,3,4,2,0,10,9,0
164,1,0,0,1,1,0,0,1,0,1,0,0,1,0,0,0,0,0,1,0,1,0,0,0,0,1,0,1,0,1,0,1,0,0,1,0,1,1,0,1,0,0,1,17,1,1,4,2,3,5,3,5,5,0,5,8,7
178,1,0,0,1,1,0,1,0,0,1,0,0,0,0,1,0,0,0,1,0,0,0,1,0,0,1,0,1,0,0,1,1,0,0,1,0,1,0,1,0,1,0,1,16,4,2,1,1,0,4,3,3,3,10,10,8,9
290,1,0,0,1,0,1,1,0,0,1,0,0,0,0,1,0,0,1,0,0,0,1,0,0,0,1,0,1,0,0,1,0,1,0,1,0,1,0,1,0,1,0,1,18,4,2,1,2,0,4,3,2,5,11,12,11,11
86,1,0,1,0,0,1,0,1,0,1,1,0,0,0,0,0,0,1,0,0,1,0,0,0,0,1,0,1,0,0,1,1,0,1,0,0,1,0,1,1,0,1,0,16,2,2,1,2,0,4,3,4,2,4,8,7,6
73,1,0,0,1,0,1,1,0,0,1,0,0,1,0,0,0,0,1,0,0,0,0,0,1,0,1,0,1,0,1,0,1,0,0,1,0,1,0,1,1,0,1,0,16,3,1,1,1,0,5,3,2,5,2,12,12,14
184,1,0,1,0,0,1,1,0,0,1,0,0,1,0,0,0,0,1,0,0,0,0,0,1,0,1,0,1,0,0,1,0,1,1,0,0,1,0,1,0,1,1,0,16,3,2,1,2,0,1,2,2,1,14,12,13,12
31,1,0,0,1,0,1,1,0,0,1,0,0,0,1,0,0,0,0,1,0,0,0,0,1,0,1,0,1,0,0,1,1,0,0,1,0,1,0,1,0,1,1,0,15,4,4,2,2,0,4,3,1,5,0,17,16,17
180,1,0,0,1,0,1,1,0,0,1,0,0,0,0,1,0,0,1,0,0,0,1,0,0,0,1,0,1,0,0,1,0,1,0,1,0,1,0,1,0,1,1,0,16,4,3,1,2,0,3,4,3,3,10,9,8,8
360,0,1,1,0,1,0,0,1,1,0,1,0,0,0,0,0,0,1,0,0,1,0,0,0,0,1,0,1,0,1,0,1,0,1,0,0,1,0,1,1,0,0,1,18,1,4,3,2,0,4,3,4,5,0,13,13,13
194,1,0,0,1,0,1,1,0,0,1,0,0,1,0,0,0,0,1,0,0,0,1,0,0,1,0,0,1,0,1,0,1,0,1,0,0,1,0,1,0,1,1,0,16,2,3,2,1,0,5,3,3,3,0,13,14,14
330,1,0,0,1,0,1,0,1,0,1,0,0,1,0,0,0,0,1,0,0,1,0,0,0,0,1,0,1,0,0,1,1,0,0,1,0,1,0,1,0,1,1,0,18,2,2,1,4,0,4,5,5,5,2,9,8,8
58,1,0,0,1,0,1,0,1,0,1,0,0,1,0,0,1,0,0,0,0,0,1,0,0,1,0,0,0,1,0,1,1,0,0,1,0,1,0,1,0,1,1,0,15,1,2,1,2,0,4,3,2,5,2,9,10,9
394,0,1,0,1,0,1,0,1,0,1,0,0,1,0,0,1,0,0,0,0,1,0,0,0,1,0,0,1,0,1,0,1,0,1,0,0,1,0,1,0,1,1,0,19,1,1,1,1,0,3,2,3,5,5,8,9,9
26,1,0,0,1,0,1,1,0,0,1,0,0,1,0,0,0,0,1,0,0,0,1,0,0,0,1,0,1,0,0,1,0,1,1,0,0,1,0,1,0,1,1,0,15,2,2,1,1,0,4,2,2,5,2,12,12,11
78,1,0,0,1,0,1,1,0,0,1,0,0,1,0,0,0,0,1,0,0,0,1,0,0,0,1,0,0,1,0,1,1,0,0,1,0,1,1,0,0,1,1,0,17,2,1,2,1,3,4,5,1,3,2,8,8,10
43,1,0,0,1,0,1,1,0,0,1,0,0,0,1,0,0,0,0,1,0,1,0,0,0,1,0,0,0,1,0,1,1,0,1,0,0,1,0,1,0,1,1,0,15,2,2,1,1,0,5,4,1,1,0,8,8,11
162,1,0,0,1,0,1,0,1,0,1,0,0,1,0,0,0,0,1,0,0,1,0,0,0,0,1,0,1,0,1,0,1,0,0,1,0,1,0,1,1,0,1,0,16,1,2,2,1,1,4,4,4,5,0,7,0,0
298,1,0,1,0,0,1,1,0,0,1,0,0,1,0,0,0,0,1,0,0,0,0,0,1,1,0,0,1,0,0,1,0,1,1,0,0,1,0,1,0,1,1,0,18,4,3,1,4,0,4,3,3,3,0,14,13,14
355,0,1,1,0,0,1,1,0,0,1,0,0,0,1,0,0,0,0,1,0,1,0,0,0,1,0,0,1,0,0,1,1,0,1,0,0,1,0,1,1,0,0,1,18,3,3,1,2,0,5,3,4,5,0,10,9,9
370,0,1,1,0,0,1,0,1,0,1,0,0,0,1,0,0,0,0,1,0,0,1,0,0,0,0,1,1,0,1,0,1,0,0,1,0,1,0,1,1,0,0,1,19,3,2,2,2,2,3,2,2,3,4,7,7,9
274,1,0,1,0,0,1,1,0,0,1,1,0,0,0,0,0,1,0,0,0,0,0,0,1,0,1,0,1,0,0,1,0,1,1,0,0,1,0,1,0,1,0,1,17,2,4,2,2,0,4,3,3,1,2,10,10,10
83,1,0,0,1,0,1,0,1,0,1,0,0,0,1,0,0,0,0,1,0,0,1,0,0,0,1,0,1,0,1,0,0,1,0,1,0,1,0,1,0,1,1,0,15,2,2,2,2,0,5,3,3,4,4,15,15,15
114,1,0,0,1,1,0,1,0,0,1,0,1,0,0,0,0,0,0,1,0,0,0,0,1,0,1,0,1,0,1,0,1,0,0,1,0,1,0,1,0,1,0,1,15,2,1,1,2,0,5,4,2,5,8,9,9,9
13,1,0,0,1,0,1,1,0,0,1,0,0,0,0,1,0,0,1,0,0,1,0,0,0,0,1,0,1,0,0,1,0,1,1,0,0,1,0,1,0,1,1,0,15,4,3,2,2,0,5,4,3,3,2,10,10,11
91,1,0,1,0,0,1,1,0,0,1,0,0,0,1,0,0,0,1,0,0,0,0,0,1,0,1,0,1,0,1,0,0,1,0,1,0,1,0,1,0,1,1,0,15,4,3,1,1,0,4,5,5,1,4,16,17,18
319,1,0,1,0,0,1,1,0,0,1,0,0,0,0,1,0,0,1,0,0,1,0,0,0,0,1,0,1,0,0,1,0,1,1,0,0,1,0,1,0,1,1,0,18,4,4,1,2,0,4,4,4,5,2,11,11,11
351,0,1,0,1,0,1,1,0,0,1,0,1,0,0,0,0,0,1,0,0,1,0,0,0,0,1,0,1,0,0,1,0,1,1,0,0,1,0,1,0,1,1,0,17,3,3,2,2,0,4,5,4,3,2,13,13,13
40,1,0,1,0,0,1,0,1,0,1,0,0,1,0,0,0,0,1,0,0,0,1,0,0,0,1,0,1,0,0,1,1,0,0,1,1,0,0,1,0,1,0,1,16,2,2,2,2,1,3,3,3,3,25,7,10,11
163,1,0,0,1,0,1,1,0,0,1,1,0,0,0,0,0,0,0,1,0,1,0,0,0,1,0,0,1,0,1,0,1,0,1,0,0,1,1,0,0,1,1,0,17,1,3,1,1,0,5,3,3,2,2,10,10,10
310,1,0,1,0,0,1,0,1,0,1,0,0,0,1,0,0,0,0,1,0,0,1,0,0,0,0,1,1,0,1,0,1,0,0,1,1,0,0,1,1,0,0,1,19,1,2,1,2,1,4,2,4,3,0,9,9,0
123,1,0,0,1,0,1,1,0,0,1,0,1,0,0,0,0,0,1,0,0,1,0,0,0,0,1,0,1,0,0,1,1,0,0,1,0,1,0,1,0,1,1,0,16,4,4,1,1,0,3,4,4,5,18,14,11,13
344,1,0,1,0,0,1,1,0,0,1,1,0,0,0,0,0,0,1,0,0,1,0,0,0,0,1,0,1,0,0,1,1,0,1,0,0,1,0,1,0,1,1,0,18,2,3,1,3,0,4,3,3,3,4,11,10,10
288,1,0,0,1,0,1,1,0,0,1,0,0,0,1,0,0,0,0,1,0,0,0,0,1,0,1,0,1,0,1,0,0,1,0,1,0,1,0,1,0,1,1,0,18,2,1,1,3,0,4,2,4,2,6,15,14,14
66,1,0,0,1,0,1,1,0,1,0,0,0,1,0,0,0,0,0,1,0,0,0,0,1,0,1,0,1,0,0,1,1,0,0,1,1,0,0,1,0,1,0,1,15,4,4,1,4,0,1,3,3,3,4,13,13,12
124,1,0,1,0,0,1,1,0,0,1,0,0,1,0,0,0,0,1,0,0,0,1,0,0,0,1,0,1,0,1,0,0,1,1,0,0,1,0,1,0,1,0,1,16,2,2,1,2,0,5,4,4,5,0,8,7,8
268,1,0,0,1,0,1,1,0,0,1,0,1,0,0,0,0,0,1,0,0,0,0,0,1,1,0,0,1,0,0,1,0,1,0,1,0,1,0,1,0,1,0,1,18,4,2,1,2,0,5,4,5,5,10,10,9,10
247,1,0,0,1,0,1,1,0,0,1,0,0,0,1,0,0,0,0,1,0,0,0,1,0,0,1,0,1,0,1,0,1,0,1,0,1,0,1,0,0,1,0,1,22,3,1,1,1,3,5,4,5,1,16,6,8,8
133,1,0,1,0,0,1,1,0,1,0,0,0,0,1,0,0,0,1,0,0,1,0,0,0,1,0,0,1,0,1,0,1,0,1,0,0,1,0,1,0,1,1,0,16,3,4,1,1,0,3,2,1,5,16,12,11,11
149,1,0,0,1,0,1,0,1,1,0,0,0,0,1,0,0,0,1,0,0,1,0,0,0,0,1,0,1,0,1,0,1,0,1,0,0,1,0,1,0,1,1,0,15,2,1,4,1,3,4,5,5,5,0,8,9,10
105,1,0,1,0,0,1,1,0,1,0,0,0,1,0,0,0,1,0,0,0,0,0,0,1,1,0,0,0,1,1,0,1,0,1,0,0,1,0,1,1,0,1,0,15,3,3,1,4,0,4,3,3,4,10,10,11,11
81,1,0,0,1,0,1,1,0,0,1,0,0,1,0,0,0,0,1,0,0,0,1,0,0,0,1,0,0,1,1,0,0,1,1,0,1,0,0,1,0,1,1,0,15,2,3,1,3,0,5,3,2,5,4,11,10,11
286,1,0,1,0,0,1,1,0,0,1,1,0,0,0,0,1,0,0,0,0,0,0,1,0,0,1,0,1,0,0,1,0,1,1,0,0,1,0,1,0,1,1,0,18,2,2,1,3,0,4,3,3,2,5,18,18,19
1,1,0,1,0,0,1,1,0,0,1,1,0,0,0,0,0,0,1,0,0,1,0,0,0,1,0,0,1,0,0,1,1,0,1,0,1,0,0,1,0,1,1,0,17,1,1,1,2,0,5,3,3,3,4,5,5,6
206,1,0,1,0,0,1,1,0,1,0,0,0,0,1,0,0,0,1,0,0,1,0,0,0,0,1,0,1,0,0,1,0,1,1,0,0,1,0,1,0,1,1,0,16,3,1,1,2,3,2,3,3,4,5,7,7,7
16,1,0,1,0,0,1,1,0,0,1,0,0,0,1,0,0,0,0,1,0,0,0,0,1,0,1,0,1,0,0,1,0,1,0,1,0,1,0,1,0,1,1,0,16,4,4,1,3,0,3,2,3,2,6,13,14,14
393,0,1,0,1,1,0,0,1,0,1,0,0,0,1,0,0,0,1,0,0,1,0,0,0,0,1,0,1,0,1,0,1,0,1,0,1,0,0,1,0,1,1,0,18,3,2,3,1,0,4,4,1,5,0,11,12,10
343,1,0,1,0,0,1,1,0,1,0,1,0,0,0,0,1,0,0,0,0,0,1,0,0,1,0,0,1,0,0,1,1,0,1,0,0,1,0,1,0,1,0,1,17,2,2,1,2,1,3,3,1,4,0,9,8,0
69,1,0,1,0,1,0,0,1,0,1,0,0,1,0,0,0,0,1,0,0,0,0,0,1,1,0,0,1,0,0,1,1,0,1,0,1,0,0,1,0,1,1,0,15,3,1,2,4,0,4,4,2,3,12,16,16,16
245,1,0,0,1,0,1,1,0,0,1,0,0,1,0,0,0,0,1,0,0,1,0,0,0,0,1,0,1,0,1,0,1,0,1,0,0,1,0,1,0,1,1,0,16,2,1,3,1,0,4,3,3,4,6,18,18,18
60,1,0,1,0,1,0,1,0,0,1,0,1,0,0,0,0,0,0,0,1,0,0,1,0,0,1,0,1,0,0,1,1,0,0,1,0,1,0,1,1,0,1,0,16,4,4,1,2,0,2,4,4,4,6,10,11,11
70,1,0,0,1,0,1,1,0,0,1,0,0,1,0,0,0,0,1,0,0,0,0,0,1,1,0,0,1,0,0,1,0,1,1,0,0,1,0,1,0,1,1,0,16,3,1,2,4,0,4,3,2,5,0,13,15,15
336,1,0,1,0,1,0,1,0,1,0,0,0,0,1,0,1,0,0,0,0,0,1,0,0,0,0,1,1,0,1,0,0,1,1,0,0,1,0,1,1,0,1,0,19,3,1,1,3,1,5,4,3,5,12,14,13,13
249,1,0,0,1,0,1,1,0,0,1,0,0,1,0,0,0,0,1,0,0,0,0,1,0,0,1,0,1,0,1,0,0,1,1,0,1,0,0,1,0,1,1,0,16,0,2,1,1,0,4,3,2,5,0,13,15,15
30,1,0,0,1,0,1,1,0,0,1,0,1,0,0,0,0,0,0,1,0,0,1,0,0,0,1,0,1,0,0,1,0,1,1,0,1,0,0,1,0,1,1,0,15,4,4,1,2,0,5,4,2,5,0,9,11,12
65,1,0,1,0,0,1,0,1,0,1,0,0,0,0,1,0,0,0,1,0,1,0,0,0,0,1,0,1,0,0,1,1,0,0,1,0,1,0,1,0,1,1,0,16,4,3,3,2,0,5,4,3,1,2,16,15,15
87,1,0,1,0,0,1,1,0,0,1,0,0,1,0,0,0,0,1,0,0,0,0,0,1,0,1,0,1,0,0,1,1,0,0,1,0,1,0,1,0,1,1,0,15,4,2,1,3,0,5,3,3,1,4,13,14,14
3,1,0,1,0,0,1,1,0,0,1,0,1,0,0,0,0,0,0,1,0,0,1,0,0,0,1,0,1,0,0,1,0,1,0,1,0,1,0,1,0,1,0,1,15,4,2,1,3,0,3,2,2,5,2,15,14,15
209,1,0,1,0,1,0,1,0,0,1,0,0,0,0,1,0,0,1,0,0,0,0,0,1,0,1,0,1,0,0,1,0,1,0,1,0,1,0,1,0,1,0,1,17,4,3,2,3,0,4,4,2,4,6,7,7,7
321,1,0,1,0,0,1,1,0,0,1,0,0,1,0,0,0,0,1,0,0,1,0,0,0,0,1,0,1,0,0,1,1,0,1,0,0,1,0,1,1,0,0,1,17,2,2,1,2,0,4,2,2,3,12,11,9,9
177,1,0,0,1,0,1,1,0,0,1,0,0,1,0,0,0,0,1,0,0,0,0,0,1,1,0,0,1,0,1,0,1,0,0,1,1,0,0,1,0,1,1,0,17,3,3,1,2,0,4,3,4,4,4,6,5,6
363,0,1,1,0,0,1,0,1,0,1,1,0,0,0,0,1,0,0,0,0,1,0,0,0,0,1,0,1,0,0,1,0,1,0,1,0,1,0,1,0,1,0,1,17,4,4,1,2,0,2,3,4,1,0,16,15,15
203,1,0,1,0,1,0,1,0,0,1,0,0,1,0,0,0,0,1,0,0,0,0,0,1,0,1,0,1,0,0,1,1,0,1,0,0,1,0,1,0,1,1,0,17,2,2,1,1,0,5,3,2,3,18,7,6,6
335,1,0,1,0,0,1,1,0,0,1,0,0,0,1,0,0,0,1,0,0,1,0,0,0,0,1,0,1,0,1,0,1,0,1,0,0,1,0,1,0,1,1,0,17,3,4,1,3,0,4,4,5,5,16,16,15,15
242,1,0,0,1,0,1,0,1,0,1,0,0,0,0,1,0,0,1,0,0,1,0,0,0,0,1,0,1,0,1,0,1,0,0,1,1,0,0,1,0,1,1,0,16,4,3,1,1,0,5,4,5,3,0,6,0,0
294,1,0,0,1,1,0,0,1,0,1,0,0,0,1,0,0,0,1,0,0,0,0,0,1,0,1,0,1,0,0,1,0,1,0,1,0,1,0,1,0,1,1,0,18,3,2,2,3,0,5,4,2,4,8,14,13,14
158,1,0,0,1,1,0,1,0,0,1,1,0,0,0,0,0,0,1,0,0,1,0,0,0,0,1,0,1,0,1,0,1,0,1,0,1,0,0,1,1,0,1,0,16,2,2,3,1,0,4,2,2,3,2,17,15,15
311,1,0,1,0,0,1,1,0,0,1,1,0,0,0,0,0,0,1,0,0,0,0,1,0,0,0,1,1,0,0,1,1,0,1,0,0,1,1,0,0,1,0,1,19,2,1,3,2,0,3,4,1,2,20,14,12,13
120,1,0,1,0,0,1,1,0,0,1,1,0,0,0,0,0,0,0,1,0,1,0,0,0,0,1,0,1,0,1,0,1,0,1,0,1,0,0,1,0,1,1,0,15,1,2,1,2,0,3,2,3,1,2,16,15,15
0,1,0,1,0,0,1,1,0,1,0,1,0,0,0,0,0,0,0,0,1,1,0,0,0,0,1,0,0,1,1,0,1,0,1,0,0,1,0,1,1,0,1,0,18,4,4,2,2,0,4,3,4,3,6,5,6,6
314,1,0,1,0,0,1,1,0,0,1,1,0,0,0,0,0,1,0,0,0,0,1,0,0,0,0,1,1,0,1,0,1,0,1,0,1,0,0,1,0,1,0,1,19,1,1,1,3,2,4,1,2,3,14,15,13,13
350,0,1,0,1,1,0,1,0,0,1,0,0,1,0,0,0,0,0,1,0,0,1,0,0,0,0,1,1,0,1,0,1,0,1,0,0,1,0,1,0,1,1,0,19,1,1,3,2,3,5,4,4,2,8,8,7,8
11,1,0,1,0,0,1,1,0,0,1,0,0,0,1,0,0,0,1,0,0,0,0,0,1,1,0,0,1,0,0,1,1,0,0,1,0,1,0,1,0,1,1,0,15,2,1,3,3,0,5,2,2,4,4,10,12,12
142,1,0,1,0,0,1,1,0,0,1,0,0,0,0,1,0,0,0,1,0,1,0,0,0,0,1,0,1,0,0,1,0,1,0,1,0,1,0,1,0,1,1,0,15,4,4,1,3,0,4,2,2,5,2,9,11,11
74,1,0,1,0,0,1,1,0,0,1,0,0,1,0,0,0,0,0,1,0,0,1,0,0,0,1,0,0,1,0,1,0,1,0,1,0,1,0,1,0,1,1,0,16,3,3,1,2,0,4,3,3,5,54,11,12,11
315,1,0,1,0,1,0,1,0,0,1,0,0,1,0,0,0,0,1,0,0,0,0,0,1,0,0,1,1,0,1,0,1,0,1,0,0,1,0,1,0,1,0,1,19,2,3,1,3,1,4,1,2,3,40,13,11,11
241,1,0,0,1,1,0,0,1,1,0,0,0,0,0,1,0,0,1,0,0,1,0,0,0,0,1,0,1,0,0,1,0,1,1,0,0,1,0,1,0,1,1,0,17,4,4,2,2,0,3,3,3,4,2,10,11,12
154,1,0,1,0,0,1,1,0,0,1,0,0,1,0,0,0,0,0,0,1,1,0,0,0,0,1,0,0,1,0,1,1,0,1,0,0,1,0,1,1,0,0,1,17,4,4,1,1,0,4,2,1,4,0,11,11,12
77,1,0,1,0,0,1,1,0,0,1,0,0,1,0,0,0,0,1,0,0,0,0,0,1,0,1,0,1,0,1,0,0,1,1,0,0,1,0,1,0,1,0,1,16,2,2,1,4,0,5,2,3,3,0,11,11,11
238,1,0,1,0,1,0,1,0,0,1,1,0,0,0,0,0,0,0,1,0,1,0,0,0,0,1,0,1,0,1,0,1,0,0,1,0,1,0,1,1,0,1,0,17,2,1,3,2,0,2,1,1,3,2,13,11,11
232,1,0,0,1,0,1,1,0,0,1,0,0,0,0,1,0,0,0,0,1,0,0,0,1,0,1,0,0,1,0,1,1,0,0,1,0,1,0,1,0,1,0,1,17,4,4,1,2,0,4,5,5,2,14,11,9,9
34,1,0,0,1,0,1,1,0,0,1,0,0,1,0,0,0,0,1,0,0,0,1,0,0,0,1,0,1,0,0,1,0,1,1,0,1,0,0,1,0,1,1,0,16,3,2,1,1,0,5,4,3,5,0,12,14,15
10,1,0,1,0,0,1,1,0,0,1,0,0,0,0,1,0,1,0,0,0,0,0,0,1,0,1,0,1,0,0,1,0,1,1,0,0,1,0,1,0,1,1,0,15,4,4,1,2,0,3,3,3,2,0,10,8,9
334,1,0,1,0,1,0,1,0,0,1,1,0,0,0,0,0,0,1,0,0,1,0,0,0,0,1,0,1,0,1,0,1,0,0,1,0,1,0,1,1,0,1,0,18,2,2,2,4,0,4,4,4,4,0,10,9,0
172,1,0,0,1,0,1,0,1,0,1,0,0,0,0,1,0,0,1,0,0,0,0,0,1,0,1,0,1,0,0,1,0,1,0,1,0,1,0,1,0,1,1,0,17,4,4,1,2,0,4,4,4,5,0,13,11,10
85,1,0,1,0,0,1,1,0,0,1,0,0,0,1,0,0,0,0,1,0,0,0,0,1,1,0,0,1,0,1,0,0,1,1,0,0,1,0,1,0,1,0,1,15,4,4,2,2,2,4,4,4,5,6,7,9,8
389,0,1,1,0,0,1,1,0,0,1,0,0,1,0,0,0,0,1,0,0,1,0,0,0,0,1,0,1,0,1,0,1,0,0,1,0,1,0,1,1,0,1,0,18,1,1,2,2,1,1,1,1,5,0,6,5,0
135,1,0,1,0,0,1,1,0,0,1,0,0,0,1,0,1,0,0,0,0,1,0,0,0,0,1,0,1,0,0,1,1,0,0,1,0,1,0,1,0,1,0,1,15,4,4,1,3,0,4,3,3,5,0,11,0,0
260,1,0,1,0,0,1,1,0,0,1,0,0,0,1,0,0,0,1,0,0,0,1,0,0,1,0,0,1,0,0,1,0,1,1,0,0,1,0,1,0,1,0,1,18,4,3,1,2,0,3,1,2,2,21,17,18,18
320,1,0,1,0,0,1,1,0,1,0,0,0,0,1,0,0,0,0,1,0,1,0,0,0,0,1,0,1,0,0,1,0,1,1,0,0,1,0,1,0,1,0,1,17,4,3,1,2,0,5,2,2,5,23,13,13,13
32,1,0,0,1,1,0,1,0,0,1,0,0,0,0,1,1,0,0,0,0,1,0,0,0,0,1,0,1,0,0,1,1,0,0,1,0,1,0,1,0,1,0,1,15,4,3,1,2,0,4,5,2,5,0,17,16,16
338,1,0,1,0,0,1,0,1,0,1,0,0,0,1,0,0,0,0,1,0,0,1,0,0,0,1,0,1,0,0,1,1,0,1,0,0,1,0,1,0,1,1,0,18,3,3,1,4,0,5,3,3,1,7,16,15,17
377,0,1,1,0,1,0,0,1,0,1,0,0,0,0,1,0,0,0,1,0,1,0,0,0,0,1,0,1,0,1,0,0,1,0,1,0,1,0,1,0,1,1,0,18,4,4,1,2,0,5,4,3,2,4,8,9,10
278,1,0,1,0,0,1,1,0,0,1,0,1,0,0,0,0,1,0,0,0,0,0,0,1,1,0,0,0,1,0,1,1,0,0,1,0,1,0,1,0,1,0,1,18,4,4,1,2,1,2,4,4,4,15,9,8,8
103,1,0,1,0,0,1,1,0,0,1,0,0,0,1,0,0,0,1,0,0,0,1,0,0,0,1,0,0,1,0,1,0,1,1,0,0,1,0,1,0,1,1,0,15,3,2,2,2,0,4,3,5,2,26,7,6,6
239,1,0,0,1,0,1,1,0,0,1,0,0,1,0,0,0,0,0,1,0,0,0,0,1,1,0,0,1,0,1,0,1,0,1,0,0,1,1,0,0,1,1,0,18,2,2,1,2,1,5,5,4,2,0,7,7,0
349,0,1,0,1,1,0,1,0,0,1,0,0,1,0,0,0,0,1,0,0,1,0,0,0,0,1,0,1,0,0,1,1,0,1,0,1,0,0,1,0,1,1,0,18,3,2,2,1,1,2,5,5,5,10,11,13,13
170,1,0,0,1,0,1,1,0,0,1,0,0,1,0,0,0,0,1,0,0,1,0,0,0,1,0,0,1,0,0,1,1,0,0,1,1,0,0,1,0,1,1,0,16,3,4,3,1,2,3,4,5,2,0,6,5,0
332,1,0,1,0,0,1,1,0,0,1,0,0,0,1,0,0,0,0,1,0,0,1,0,0,0,1,0,1,0,1,0,1,0,0,1,0,1,0,1,0,1,1,0,18,3,3,1,2,0,5,3,4,4,0,7,0,0
28,1,0,0,1,0,1,0,1,1,0,0,0,0,1,0,0,0,1,0,0,0,1,0,0,0,1,0,0,1,0,1,1,0,0,1,0,1,0,1,0,1,1,0,16,3,4,1,2,0,5,3,3,5,4,11,11,11
333,1,0,1,0,0,1,0,1,0,1,0,0,1,0,0,0,0,1,0,0,0,1,0,0,0,0,1,1,0,1,0,1,0,0,1,1,0,0,1,0,1,0,1,18,2,2,1,2,0,4,3,3,2,0,8,8,0
41,1,0,0,1,0,1,0,1,0,1,0,0,0,0,1,0,0,1,0,0,0,1,0,0,0,0,1,1,0,0,1,1,0,1,0,1,0,0,1,0,1,0,1,15,4,4,1,1,0,5,4,3,5,8,12,12,12
49,1,0,1,0,0,1,1,0,0,1,0,0,0,1,0,0,0,0,0,1,0,0,1,0,1,0,0,0,1,0,1,1,0,0,1,1,0,0,1,0,1,1,0,15,4,4,1,2,1,4,4,4,3,2,7,7,7
198,1,0,1,0,0,1,1,0,0,1,0,0,0,1,0,0,0,0,0,1,0,1,0,0,0,1,0,1,0,0,1,1,0,1,0,0,1,0,1,0,1,1,0,17,4,4,2,1,1,4,2,4,2,24,18,18,18
107,1,0,0,1,0,1,1,0,0,1,0,0,0,1,0,0,0,1,0,0,0,1,0,0,1,0,0,1,0,0,1,1,0,0,1,0,1,0,1,0,1,1,0,16,3,3,1,3,0,5,3,3,5,2,16,18,18
302,1,0,1,0,0,1,1,0,0,1,0,0,1,0,0,0,0,1,0,0,0,0,0,1,0,1,0,1,0,0,1,0,1,1,0,0,1,0,1,0,1,1,0,17,4,2,2,3,0,4,3,3,3,0,15,12,14
7,1,0,1,0,0,1,1,0,1,0,0,0,1,0,0,0,0,0,0,1,0,1,0,0,0,1,0,0,1,0,1,1,0,1,0,0,1,0,1,1,0,1,0,17,4,4,2,2,0,4,1,4,1,6,6,5,6
196,1,0,0,1,0,1,1,0,0,1,0,0,0,1,0,0,0,0,0,1,0,1,0,0,0,1,0,1,0,1,0,1,0,1,0,0,1,0,1,0,1,1,0,17,4,4,1,1,0,5,2,3,5,4,17,15,16
122,1,0,1,0,0,1,0,1,0,1,0,0,1,0,0,0,1,0,0,0,1,0,0,0,1,0,0,1,0,0,1,0,1,0,1,0,1,0,1,0,1,0,1,16,2,4,2,2,0,4,2,2,5,2,13,13,13
237,1,0,1,0,0,1,1,0,0,1,0,0,1,0,0,0,0,1,0,0,0,1,0,0,0,1,0,1,0,1,0,1,0,1,0,0,1,0,1,0,1,0,1,16,2,1,1,1,0,4,5,2,5,20,13,12,12
254,1,0,0,1,1,0,1,0,0,1,0,0,1,0,0,0,0,1,0,0,1,0,0,0,0,1,0,1,0,1,0,1,0,1,0,1,0,0,1,0,1,1,0,17,2,1,1,1,0,4,4,2,5,0,8,12,12
283,1,0,1,0,0,1,1,0,0,1,0,0,1,0,0,0,0,1,0,0,0,1,0,0,0,1,0,0,1,1,0,1,0,0,1,0,1,0,1,0,1,1,0,18,1,1,2,2,0,5,4,4,4,4,8,9,10
38,1,0,1,0,1,0,1,0,0,1,0,0,0,1,0,0,1,0,0,0,1,0,0,0,0,1,0,0,1,0,1,0,1,0,1,0,1,0,1,0,1,1,0,15,3,4,1,3,0,4,3,2,5,2,12,12,11
252,1,0,0,1,0,1,1,0,0,1,0,0,0,1,0,0,0,0,1,0,0,0,1,0,0,1,0,1,0,1,0,1,0,1,0,1,0,1,0,0,1,1,0,18,2,1,1,1,1,3,2,5,5,4,6,9,8
208,1,0,1,0,0,1,1,0,0,1,1,0,0,0,0,0,0,1,0,0,0,1,0,0,0,1,0,1,0,0,1,0,1,1,0,0,1,0,1,1,0,1,0,16,1,1,2,1,0,4,3,2,5,6,9,9,10
347,1,0,0,1,0,1,1,0,0,1,0,0,0,0,1,0,0,1,0,0,1,0,0,0,0,1,0,1,0,0,1,0,1,1,0,0,1,0,1,0,1,0,1,18,4,3,1,3,0,5,4,5,5,0,10,10,9
328,1,0,1,0,0,1,1,0,0,1,0,0,0,0,1,0,0,0,1,0,1,0,0,0,0,1,0,1,0,0,1,0,1,0,1,0,1,0,1,0,1,1,0,17,4,4,1,3,0,5,4,4,4,7,10,9,9
35,1,0,1,0,0,1,1,0,0,1,0,0,1,0,0,0,0,1,0,0,0,0,1,0,1,0,0,1,0,0,1,1,0,0,1,0,1,0,1,1,0,1,0,15,2,3,2,1,0,3,5,1,5,0,8,7,6
353,0,1,0,1,1,0,1,0,0,1,0,0,1,0,0,0,0,1,0,0,0,1,0,0,0,0,1,1,0,0,1,1,0,1,0,0,1,0,1,0,1,1,0,19,1,1,3,1,1,4,4,4,5,4,8,8,8
222,1,0,1,0,0,1,1,0,0,1,0,0,0,1,0,0,0,0,0,1,0,0,1,0,0,1,0,0,1,1,0,1,0,1,0,0,1,0,1,0,1,1,0,16,2,3,1,2,0,2,3,1,3,2,16,16,17
231,1,0,0,1,1,0,1,0,0,1,0,0,1,0,0,0,0,1,0,0,1,0,0,0,1,0,0,1,0,0,1,0,1,0,1,0,1,0,1,0,1,1,0,17,2,2,2,2,0,4,5,2,1,4,11,11,11
95,1,0,1,0,1,0,1,0,0,1,1,0,0,0,0,0,0,1,0,0,0,1,0,0,0,1,0,0,1,0,1,0,1,0,1,0,1,0,1,0,1,1,0,15,1,1,2,4,1,3,1,2,1,2,7,10,10
352,0,1,0,1,0,1,0,1,0,1,1,0,0,0,0,0,0,0,1,0,1,0,0,0,0,1,0,1,0,1,0,1,0,1,0,0,1,1,0,0,1,0,1,18,1,3,1,1,1,4,3,3,3,7,8,7,8
385,0,1,1,0,1,0,1,0,0,1,1,0,0,0,0,0,0,1,0,0,0,0,1,0,0,1,0,1,0,1,0,0,1,1,0,0,1,0,1,1,0,1,0,18,2,2,2,3,0,5,3,3,4,2,10,9,10
342,1,0,0,1,0,1,0,1,0,1,0,0,0,1,0,0,0,1,0,0,0,1,0,0,0,1,0,1,0,1,0,1,0,0,1,0,1,0,1,0,1,0,1,18,3,4,1,2,0,4,3,3,5,11,16,15,15
223,1,0,0,1,0,1,1,0,0,1,0,0,1,0,0,0,0,1,0,0,0,1,0,0,0,1,0,1,0,0,1,0,1,1,0,0,1,0,1,0,1,1,0,18,2,2,2,2,0,3,3,3,4,0,12,13,13
63,1,0,1,0,0,1,1,0,0,1,0,0,0,0,1,0,1,0,0,0,0,1,0,0,0,1,0,0,1,0,1,0,1,0,1,0,1,0,1,0,1,1,0,16,4,3,1,3,0,3,4,4,4,2,10,9,9
322,1,0,1,0,1,0,0,1,0,1,0,0,0,1,0,0,0,0,1,0,1,0,0,0,0,1,0,1,0,0,1,0,1,0,1,0,1,0,1,0,1,1,0,17,2,2,1,3,0,3,3,2,3,3,11,11,11
213,1,0,0,1,0,1,1,0,0,1,0,0,0,1,0,0,0,1,0,0,0,1,0,0,0,1,0,1,0,0,1,0,1,0,1,0,1,0,1,0,1,1,0,18,2,2,1,2,1,4,4,4,5,15,6,7,8
127,1,0,1,0,0,1,1,0,0,1,1,0,0,0,0,0,0,1,0,0,1,0,0,0,0,0,1,1,0,0,1,1,0,1,0,1,0,1,0,1,0,1,0,19,0,1,1,2,3,3,4,2,5,2,7,8,9
21,1,0,0,1,0,1,1,0,0,1,0,1,0,0,0,0,1,0,0,0,0,0,1,0,1,0,0,1,0,0,1,0,1,1,0,0,1,0,1,0,1,1,0,15,4,4,1,1,0,5,4,2,5,0,12,15,15
82,1,0,1,0,0,1,0,1,0,1,0,0,0,1,0,0,0,1,0,0,0,0,0,1,0,1,0,1,0,0,1,0,1,1,0,0,1,0,1,0,1,1,0,15,3,2,1,2,0,4,4,4,5,10,7,6,6
98,1,0,1,0,0,1,1,0,0,1,0,0,1,0,0,0,0,1,0,0,0,0,0,1,0,1,0,1,0,1,0,1,0,0,1,1,0,0,1,0,1,1,0,16,4,4,1,1,0,5,3,4,1,6,11,14,14
42,1,0,0,1,0,1,1,0,0,1,0,0,0,1,0,0,0,0,0,1,1,0,0,0,1,0,0,1,0,0,1,1,0,0,1,0,1,0,1,0,1,1,0,15,4,4,1,2,0,4,3,3,5,2,19,18,18
93,1,0,1,0,0,1,1,0,0,1,0,0,0,0,1,0,0,0,1,0,0,1,0,0,0,1,0,1,0,0,1,0,1,0,1,0,1,0,1,0,1,1,0,16,4,2,2,2,0,5,3,3,1,0,11,10,10
182,1,0,1,0,0,1,1,0,0,1,0,0,0,1,0,0,0,0,1,0,0,0,0,1,1,0,0,1,0,0,1,1,0,0,1,0,1,0,1,1,0,1,0,17,2,4,1,2,0,5,4,2,5,0,16,17,17
61,1,0,1,0,0,1,1,0,0,1,0,0,0,1,0,0,0,0,1,0,1,0,0,0,1,0,0,0,1,0,1,1,0,0,1,1,0,0,1,0,1,0,1,16,1,1,4,1,0,5,5,5,5,6,10,8,11
189,1,0,0,1,1,0,1,0,0,1,1,0,0,0,0,0,0,1,0,0,0,1,0,0,0,1,0,1,0,1,0,1,0,1,0,0,1,0,1,1,0,1,0,17,1,2,1,2,0,3,1,3,3,4,8,9,10
285,1,0,0,1,0,1,1,0,0,1,0,0,1,0,0,0,0,1,0,0,0,0,0,1,1,0,0,1,0,1,0,0,1,1,0,1,0,0,1,0,1,1,0,17,1,1,1,2,0,4,3,3,4,2,12,10,11
185,1,0,0,1,0,1,1,0,0,1,0,0,0,1,0,0,0,0,1,0,0,0,1,0,0,1,0,1,0,0,1,1,0,0,1,0,1,0,1,0,1,0,1,17,3,3,1,2,0,4,3,4,4,12,12,12,11
337,1,0,1,0,0,1,1,0,0,1,0,0,1,0,0,0,0,1,0,0,0,1,0,0,0,1,0,1,0,0,1,0,1,1,0,0,1,0,1,0,1,0,1,17,3,2,1,2,0,4,3,2,2,0,7,8,0
59,1,0,1,0,0,1,1,0,0,1,0,0,0,1,0,0,0,1,0,0,1,0,0,0,0,1,0,1,0,0,1,1,0,1,0,0,1,0,1,0,1,1,0,16,4,2,1,2,0,4,2,3,5,2,15,16,16
141,1,0,0,1,0,1,0,1,0,1,0,0,0,1,0,0,0,0,1,0,0,0,0,1,1,0,0,1,0,0,1,1,0,0,1,0,1,0,1,0,1,1,0,16,2,2,2,1,2,2,3,3,2,8,9,9,9
368,0,1,1,0,0,1,1,0,0,1,1,0,0,0,0,0,0,0,1,0,1,0,0,0,1,0,0,1,0,0,1,0,1,1,0,0,1,0,1,0,1,0,1,18,2,3,2,1,0,5,2,3,4,0,11,10,10
25,1,0,1,0,0,1,1,0,0,1,0,0,0,1,0,0,0,0,1,0,0,1,0,0,0,1,0,1,0,0,1,0,1,1,0,1,0,0,1,0,1,1,0,16,2,2,1,1,2,1,2,2,5,14,6,9,8
89,1,0,0,1,0,1,0,1,1,0,0,0,0,0,1,0,1,0,0,0,0,0,0,1,0,1,0,1,0,0,1,1,0,1,0,0,1,0,1,1,0,1,0,16,4,4,1,2,0,4,1,3,5,18,8,6,7
226,1,0,1,0,0,1,1,0,0,1,0,0,1,0,0,0,0,1,0,0,1,0,0,0,0,1,0,1,0,1,0,1,0,0,1,1,0,0,1,0,1,1,0,17,3,2,1,2,0,5,3,4,3,10,16,15,15
215,1,0,1,0,0,1,0,1,0,1,0,0,1,0,0,0,0,1,0,0,0,0,0,1,0,1,0,1,0,1,0,0,1,1,0,0,1,0,1,0,1,1,0,17,3,2,2,2,0,4,4,4,1,2,14,15,15
228,1,0,0,1,0,1,0,1,0,1,1,0,0,0,0,0,0,1,0,0,1,0,0,0,0,1,0,0,1,0,1,0,1,0,1,0,1,0,1,0,1,0,1,18,2,1,4,2,0,4,3,2,3,14,10,8,9
273,1,0,0,1,1,0,1,0,0,1,1,0,0,0,0,1,0,0,0,0,0,1,0,0,0,1,0,1,0,0,1,0,1,0,1,1,0,0,1,1,0,0,1,17,1,2,1,2,0,3,5,2,1,2,15,14,14
8,1,0,0,1,0,1,0,1,1,0,0,0,0,1,0,0,0,1,0,0,0,1,0,0,0,1,0,1,0,0,1,0,1,1,0,0,1,0,1,0,1,1,0,15,3,2,1,2,0,4,2,2,1,0,16,18,19
331,1,0,1,0,1,0,1,0,0,1,1,0,0,0,0,0,0,1,0,0,1,0,0,0,1,0,0,1,0,0,1,1,0,1,0,0,1,0,1,0,1,0,1,17,2,4,1,3,0,4,4,3,5,7,12,14,14
108,1,0,0,1,1,0,1,0,0,1,0,0,1,0,0,0,0,1,0,0,0,1,0,0,1,0,0,1,0,0,1,0,1,0,1,0,1,0,1,0,1,0,1,15,4,4,4,4,0,1,3,5,1,6,10,13,13
54,1,0,1,0,0,1,0,1,1,0,0,0,1,0,0,0,0,1,0,0,0,0,1,0,0,1,0,1,0,1,0,0,1,1,0,0,1,0,1,0,1,1,0,15,3,3,1,1,0,5,3,4,1,6,10,13,13
375,0,1,1,0,1,0,1,0,0,1,0,0,1,0,0,0,0,1,0,0,0,1,0,0,0,1,0,1,0,1,0,1,0,1,0,0,1,0,1,0,1,1,0,18,1,1,4,3,0,4,3,2,4,2,8,8,10
275,1,0,1,0,0,1,0,1,0,1,0,0,0,1,0,0,0,1,0,0,1,0,0,0,0,1,0,0,1,0,1,0,1,1,0,0,1,0,1,0,1,0,1,17,2,2,2,2,0,4,4,4,5,6,12,12,12
230,1,0,1,0,0,1,0,1,0,1,0,1,0,0,0,0,0,1,0,0,0,0,0,1,1,0,0,1,0,1,0,1,0,0,1,0,1,0,1,0,1,0,1,17,4,3,1,2,0,3,2,3,3,14,13,13,14
258,1,0,0,1,0,1,1,0,0,1,0,0,1,0,0,0,0,1,0,0,0,1,0,0,0,1,0,1,0,1,0,1,0,0,1,0,1,0,1,0,1,1,0,18,2,1,1,2,0,5,2,4,4,8,15,14,14
193,1,0,0,1,1,0,1,0,0,1,0,0,0,1,0,0,0,0,1,0,0,0,0,1,0,1,0,1,0,0,1,1,0,0,1,0,1,0,1,0,1,1,0,16,3,3,1,1,0,4,3,2,5,8,8,9,10
15,1,0,1,0,0,1,1,0,0,1,0,1,0,0,0,0,0,1,0,0,0,1,0,0,0,1,0,1,0,0,1,1,0,1,0,0,1,0,1,0,1,1,0,16,4,4,1,1,0,4,4,4,2,4,14,14,14
99,1,0,1,0,0,1,1,0,0,1,0,0,1,0,0,1,0,0,0,0,1,0,0,0,0,1,0,0,1,0,1,0,1,1,0,0,1,0,1,0,1,1,0,16,4,3,1,3,0,5,3,5,3,0,7,9,8
101,1,0,0,1,0,1,1,0,0,1,0,0,0,1,0,0,0,0,0,1,0,0,1,0,1,0,0,1,0,0,1,1,0,0,1,0,1,0,1,0,1,0,1,16,4,4,1,3,0,4,4,3,4,0,16,17,17
20,1,0,0,1,0,1,1,0,0,1,0,0,0,0,1,0,0,1,0,0,0,0,0,1,0,1,0,1,0,1,0,1,0,1,0,0,1,0,1,0,1,1,0,15,4,3,1,2,0,4,4,1,1,0,13,14,15
128,1,0,0,1,1,0,1,0,0,1,0,0,0,1,0,0,0,1,0,0,0,0,0,1,0,1,0,1,0,0,1,1,0,0,1,0,1,0,1,0,1,1,0,18,2,2,1,1,2,3,3,3,4,0,7,4,0
220,1,0,1,0,1,0,1,0,0,1,1,0,0,0,0,0,0,0,1,0,0,0,0,1,0,1,0,1,0,0,1,1,0,0,1,0,1,0,1,0,1,1,0,17,2,1,2,2,0,4,2,5,5,2,6,6,6
64,1,0,1,0,0,1,0,1,0,1,0,0,0,1,0,0,0,0,1,0,0,0,0,1,1,0,0,0,1,1,0,1,0,0,1,0,1,0,1,0,1,0,1,15,4,3,1,2,0,4,4,4,2,0,10,10,10
348,1,0,1,0,0,1,1,0,0,1,0,1,0,0,0,0,0,1,0,0,0,0,0,1,0,1,0,1,0,0,1,0,1,0,1,0,1,0,1,0,1,0,1,17,4,3,1,3,0,4,4,3,4,0,13,15,15
157,1,0,1,0,1,0,1,0,0,1,1,0,0,0,0,0,0,1,0,0,1,0,0,0,0,1,0,1,0,0,1,1,0,0,1,1,0,0,1,1,0,1,0,18,1,1,3,1,3,5,2,5,4,6,9,8,10
248,1,0,0,1,1,0,0,1,0,1,0,0,1,0,0,0,0,0,1,0,1,0,0,0,0,1,0,1,0,0,1,1,0,1,0,0,1,0,1,0,1,0,1,18,3,3,1,2,1,4,3,3,5,8,3,5,5
52,1,0,0,1,0,1,0,1,1,0,0,1,0,0,0,0,1,0,0,0,0,0,1,0,1,0,0,1,0,1,0,1,0,1,0,0,1,0,1,1,0,1,0,15,4,2,2,1,1,5,5,5,5,6,11,11,10
281,1,0,0,1,0,1,0,1,1,0,0,0,0,0,1,0,0,0,1,0,0,1,0,0,0,1,0,1,0,1,0,1,0,1,0,0,1,0,1,0,1,1,0,17,3,2,1,1,1,4,4,4,3,19,11,9,10
357,0,1,1,0,0,1,0,1,1,0,0,0,0,1,0,0,0,1,0,0,0,0,0,1,0,1,0,1,0,1,0,1,0,1,0,0,1,0,1,1,0,0,1,17,3,2,2,2,0,1,2,3,5,2,12,12,11
80,1,0,0,1,0,1,1,0,0,1,0,0,1,0,0,0,0,0,1,0,1,0,0,0,1,0,0,0,1,0,1,0,1,0,1,1,0,0,1,0,1,0,1,15,2,3,1,1,0,3,2,2,3,2,10,12,12
388,0,1,1,0,0,1,0,1,0,1,0,0,0,0,1,0,0,0,1,0,1,0,0,0,0,1,0,1,0,0,1,0,1,1,0,0,1,0,1,0,1,1,0,18,3,1,1,2,0,4,3,4,1,0,7,9,8
227,1,0,0,1,0,1,0,1,0,1,0,0,0,1,0,0,0,0,1,0,0,0,0,1,1,0,0,1,0,0,1,0,1,1,0,1,0,0,1,0,1,1,0,17,2,3,1,2,0,5,3,3,3,2,12,11,12
272,1,0,1,0,0,1,0,1,0,1,0,0,1,0,0,0,0,1,0,0,0,1,0,0,0,1,0,1,0,0,1,0,1,1,0,1,0,0,1,1,0,1,0,18,1,1,2,2,0,4,4,3,3,2,11,11,11
217,1,0,0,1,0,1,0,1,0,1,0,0,0,1,0,0,1,0,0,0,0,1,0,0,1,0,0,1,0,0,1,0,1,1,0,0,1,0,1,0,1,1,0,18,3,3,1,2,1,3,2,4,4,13,6,6,8
202,1,0,1,0,0,1,1,0,0,1,0,0,1,0,0,0,0,1,0,0,1,0,0,0,0,1,0,1,0,0,1,0,1,1,0,1,0,0,1,1,0,1,0,17,1,1,1,2,0,4,4,4,1,4,9,9,10
55,1,0,1,0,0,1,1,0,1,0,0,0,1,0,0,0,0,1,0,0,0,0,1,0,0,1,0,1,0,1,0,0,1,0,1,0,1,0,1,0,1,0,1,16,2,1,1,2,0,5,3,4,2,8,8,9,10
289,1,0,0,1,0,1,0,1,1,0,0,0,0,0,1,0,0,0,0,1,0,0,0,1,0,1,0,1,0,0,1,0,1,0,1,0,1,0,1,0,1,1,0,18,4,4,1,2,0,5,4,3,2,9,15,13,15
27,1,0,0,1,0,1,1,0,0,1,0,1,0,0,0,0,0,0,1,0,0,0,1,0,0,1,0,1,0,1,0,0,1,1,0,0,1,0,1,0,1,1,0,15,4,2,1,1,0,2,2,4,1,4,15,16,15
146,1,0,1,0,0,1,1,0,0,1,0,1,0,0,0,0,0,0,1,0,0,1,0,0,1,0,0,1,0,0,1,1,0,1,0,0,1,0,1,0,1,1,0,15,3,2,1,2,3,3,3,2,3,0,6,7,0
71,1,0,0,1,0,1,1,0,0,1,0,0,1,0,0,0,0,1,0,0,1,0,0,0,0,1,0,1,0,1,0,1,0,1,0,0,1,0,1,0,1,1,0,15,4,2,1,4,0,3,3,3,3,0,10,10,10
152,1,0,1,0,1,0,1,0,0,1,0,0,0,1,0,0,0,0,1,0,0,0,0,1,0,0,1,1,0,0,1,0,1,0,1,0,1,0,1,0,1,0,1,15,3,3,2,3,2,4,2,1,3,8,10,10,10
29,1,0,0,1,0,1,1,0,0,1,0,0,0,0,1,0,0,0,0,1,0,1,0,0,0,1,0,1,0,0,1,0,1,0,1,0,1,0,1,0,1,0,1,16,4,4,1,2,0,4,4,5,5,16,10,12,11
214,1,0,1,0,1,0,0,1,0,1,0,0,0,1,0,0,0,1,0,0,0,0,1,0,0,1,0,1,0,0,1,0,1,1,0,0,1,0,1,1,0,1,0,17,4,4,1,1,0,5,2,1,3,12,8,10,10
17,1,0,1,0,0,1,1,0,0,1,0,0,1,0,0,0,0,1,0,0,0,0,0,1,0,1,0,0,1,0,1,1,0,0,1,0,1,0,1,1,0,1,0,16,3,3,3,2,0,5,3,2,4,4,8,10,10
183,1,0,1,0,0,1,0,1,0,1,0,0,1,0,0,0,0,1,0,0,0,0,0,1,0,1,0,1,0,0,1,1,0,0,1,0,1,0,1,0,1,0,1,17,3,3,1,2,0,5,3,3,1,56,9,9,8
165,1,0,0,1,0,1,1,0,0,1,0,0,0,1,0,0,0,0,1,0,1,0,0,0,0,1,0,1,0,0,1,1,0,0,1,1,0,1,0,1,0,1,0,16,3,2,2,1,1,4,5,2,2,16,12,11,12
139,1,0,1,0,0,1,1,0,0,1,0,0,0,0,1,0,0,0,0,1,1,0,0,0,0,1,0,1,0,1,0,1,0,0,1,0,1,0,1,0,1,1,0,15,4,4,2,1,0,4,3,2,5,0,16,16,15
147,1,0,1,0,0,1,1,0,0,1,1,0,0,0,0,0,0,1,0,0,1,0,0,0,0,1,0,1,0,0,1,0,1,1,0,1,0,0,1,0,1,1,0,15,1,2,1,2,0,4,3,2,5,2,10,11,11
110,1,0,0,1,0,1,0,1,1,0,0,0,0,0,1,0,0,0,0,1,1,0,0,0,0,1,0,1,0,1,0,1,0,0,1,0,1,0,1,0,1,1,0,15,4,4,1,1,0,5,5,3,4,6,18,19,19
341,1,0,0,1,0,1,1,0,0,1,0,0,0,0,1,0,0,0,1,0,0,1,0,0,1,0,0,1,0,0,1,1,0,0,1,0,1,0,1,0,1,1,0,18,4,4,1,2,1,4,3,3,2,0,10,10,0
5,1,0,0,1,0,1,0,1,0,1,0,0,0,1,0,0,0,1,0,0,0,0,0,1,0,1,0,1,0,0,1,0,1,0,1,0,1,0,1,0,1,1,0,16,4,3,1,2,0,5,4,2,5,10,15,15,15
365,0,1,0,1,1,0,1,0,0,1,1,0,0,0,0,0,0,1,0,0,1,0,0,0,0,1,0,1,0,0,1,0,1,1,0,0,1,0,1,1,0,1,0,18,1,3,2,2,0,3,3,4,3,4,10,10,10
79,1,0,1,0,0,1,1,0,0,1,1,0,0,0,0,0,0,1,0,0,1,0,0,0,0,1,0,1,0,0,1,1,0,1,0,0,1,0,1,0,1,1,0,16,3,4,1,2,0,2,4,3,3,12,5,5,5
187,1,0,0,1,0,1,0,1,0,1,0,0,1,0,0,0,0,1,0,0,1,0,0,0,0,1,0,1,0,1,0,0,1,0,1,0,1,0,1,0,1,0,1,16,2,1,1,2,0,4,2,3,5,0,15,15,15
265,1,0,0,1,1,0,0,1,1,0,0,0,1,0,0,0,0,1,0,0,0,0,0,1,0,1,0,1,0,0,1,0,1,0,1,0,1,0,1,0,1,1,0,18,3,4,2,2,0,4,2,5,1,13,17,17,17
251,1,0,0,1,0,1,1,0,0,1,1,0,0,0,0,0,0,1,0,0,0,0,0,1,0,0,1,0,1,0,1,1,0,1,0,1,0,0,1,0,1,1,0,16,3,3,3,2,0,5,3,3,2,6,7,10,10
191,1,0,1,0,0,1,1,0,0,1,1,0,0,0,0,0,0,0,1,0,1,0,0,0,0,1,0,1,0,1,0,1,0,0,1,0,1,0,1,0,1,1,0,17,1,1,1,2,0,5,3,3,3,0,8,8,9
300,1,0,1,0,0,1,0,1,1,0,0,1,0,0,0,0,0,1,0,0,0,1,0,0,0,1,0,1,0,0,1,1,0,1,0,0,1,0,1,0,1,0,1,18,4,4,1,2,0,4,2,4,4,14,12,10,11
44,1,0,1,0,0,1,0,1,0,1,0,0,1,0,0,1,0,0,0,0,1,0,0,0,1,0,0,0,1,1,0,1,0,0,1,0,1,0,1,0,1,1,0,16,2,2,2,2,1,4,3,3,5,14,10,10,9
346,1,0,0,1,1,0,1,0,0,1,0,0,0,0,1,0,0,0,1,0,1,0,0,0,0,1,0,1,0,1,0,1,0,1,0,0,1,0,1,0,1,0,1,18,4,3,1,3,0,5,3,2,4,9,16,15,16
67,1,0,1,0,0,1,1,0,0,1,0,0,0,1,0,0,0,1,0,0,1,0,0,0,0,1,0,0,1,0,1,0,1,1,0,0,1,0,1,0,1,1,0,16,3,1,1,4,0,4,3,3,5,4,7,7,6
62,1,0,1,0,0,1,0,1,0,1,0,0,1,0,0,0,0,0,1,0,0,0,0,1,1,0,0,0,1,1,0,1,0,0,1,0,1,0,1,0,1,1,0,16,1,2,1,2,0,4,4,3,1,4,8,10,9
53,1,0,1,0,0,1,1,0,0,1,0,0,0,1,0,0,0,0,1,0,1,0,0,0,0,1,0,0,1,0,1,0,1,1,0,0,1,0,1,0,1,1,0,15,4,4,1,1,0,3,3,4,5,0,8,10,11
46,1,0,1,0,0,1,0,1,1,0,0,0,1,0,0,0,0,0,1,0,0,1,0,0,0,1,0,1,0,0,1,1,0,1,0,0,1,0,1,0,1,1,0,16,3,3,1,2,0,2,3,5,3,12,11,12,11
269,1,0,1,0,1,0,1,0,0,1,0,0,1,0,0,0,0,1,0,0,0,0,0,1,0,1,0,1,0,0,1,1,0,1,0,0,1,1,0,0,1,0,1,18,2,1,2,2,0,4,3,5,3,0,6,0,0
229,1,0,1,0,0,1,1,0,1,0,0,0,1,0,0,0,0,1,0,0,1,0,0,0,0,1,0,1,0,1,0,1,0,0,1,0,1,0,1,0,1,0,1,17,2,1,2,3,0,3,2,3,3,10,12,10,12
181,1,0,0,1,0,1,1,0,0,1,0,0,0,1,0,0,0,1,0,0,0,1,0,0,0,1,0,1,0,1,0,0,1,0,1,0,1,0,1,0,1,0,1,16,3,3,1,2,0,4,2,3,3,2,12,13,12
174,1,0,1,0,0,1,0,1,0,1,0,0,1,0,0,0,0,1,0,0,0,0,0,1,0,1,0,1,0,0,1,0,1,0,1,0,1,0,1,0,1,1,0,16,3,3,2,2,0,4,4,5,4,4,10,11,9
379,0,1,1,0,1,0,1,0,0,1,1,0,0,0,0,0,0,1,0,0,0,0,0,1,0,1,0,1,0,0,1,0,1,0,1,1,0,0,1,0,1,1,0,17,3,1,1,2,0,4,5,4,1,17,10,10,10
295,1,0,0,1,0,1,1,0,0,1,0,1,0,0,0,0,0,1,0,0,0,1,0,0,0,1,0,1,0,0,1,0,1,1,0,0,1,0,1,0,1,1,0,17,3,3,1,1,0,4,4,3,5,4,14,12,11
76,1,0,0,1,0,1,1,0,0,1,0,0,0,0,1,0,0,1,0,0,1,0,0,0,0,1,0,1,0,1,0,1,0,0,1,0,1,0,1,0,1,1,0,15,4,0,2,4,0,3,4,3,1,8,11,11,10
339,1,0,1,0,1,0,1,0,1,0,0,0,1,0,0,0,0,1,0,0,0,1,0,0,0,1,0,1,0,0,1,0,1,1,0,0,1,0,1,0,1,1,0,17,3,2,1,2,0,4,3,3,2,4,9,10,10
271,1,0,1,0,0,1,1,0,0,1,0,0,1,0,0,0,0,0,1,0,0,0,0,1,1,0,0,1,0,0,1,0,1,0,1,0,1,0,1,0,1,0,1,18,2,3,1,4,0,4,5,5,2,4,15,14,14
190,1,0,1,0,0,1,1,0,0,1,0,0,0,1,0,0,0,0,1,0,1,0,0,0,0,1,0,1,0,1,0,1,0,1,0,0,1,0,1,0,1,1,0,16,2,3,1,2,0,4,3,3,2,10,11,12,13
327,1,0,0,1,1,0,1,0,0,1,0,0,0,1,0,0,0,1,0,0,1,0,0,0,0,1,0,1,0,0,1,1,0,1,0,0,1,0,1,0,1,1,0,17,2,2,4,1,0,4,4,5,4,8,11,10,10
270,1,0,1,0,0,1,1,0,0,1,0,0,1,0,0,0,0,0,1,0,0,1,0,0,0,0,1,1,0,0,1,0,1,0,1,0,1,0,1,0,1,1,0,19,3,3,1,2,2,4,3,5,5,15,9,9,9
51,1,0,1,0,0,1,0,1,0,1,0,1,0,0,0,0,0,1,0,0,0,0,1,0,0,1,0,1,0,0,1,0,1,1,0,0,1,0,1,0,1,1,0,15,4,2,1,2,0,4,3,3,5,2,11,13,13
306,1,0,0,1,0,1,1,0,1,0,0,0,0,1,0,0,0,1,0,0,1,0,0,0,0,0,1,1,0,1,0,1,0,0,1,0,1,0,1,1,0,1,0,20,3,2,1,1,0,5,5,3,5,0,17,18,18
361,0,1,0,1,1,0,0,1,0,1,1,0,0,0,0,0,0,1,0,0,0,0,1,0,0,1,0,1,0,1,0,1,0,0,1,1,0,1,0,1,0,1,0,18,1,1,2,2,1,4,4,3,5,2,13,12,12
14,1,0,0,1,0,1,1,0,1,0,0,0,1,0,0,0,0,1,0,0,0,1,0,0,0,0,1,1,0,0,1,1,0,1,0,0,1,0,1,0,1,0,1,15,2,2,1,3,0,4,5,2,3,0,14,16,16
145,1,0,1,0,0,1,1,0,0,1,0,0,1,0,0,0,0,0,1,0,1,0,0,0,1,0,0,1,0,0,1,0,1,1,0,0,1,0,1,0,1,1,0,15,1,1,1,2,0,4,4,2,5,0,8,11,11
211,1,0,0,1,0,1,0,1,0,1,0,0,0,1,0,0,0,1,0,0,0,1,0,0,0,1,0,1,0,0,1,0,1,1,0,0,1,0,1,0,1,0,1,17,4,4,1,2,0,5,3,5,3,13,12,12,13
212,1,0,1,0,0,1,1,0,1,0,0,0,1,0,0,0,0,1,0,0,0,0,0,1,0,1,0,0,1,0,1,0,1,1,0,0,1,0,1,0,1,1,0,16,2,2,1,2,0,3,3,4,4,0,12,13,14
391,0,1,0,1,0,1,0,1,0,1,0,0,0,1,0,0,0,0,1,0,1,0,0,0,0,1,0,1,0,1,0,1,0,1,0,1,0,0,1,0,1,1,0,17,3,1,2,1,0,2,4,5,2,3,14,16,16
90,1,0,1,0,0,1,1,0,0,1,0,0,1,0,0,0,0,1,0,0,0,1,0,0,0,1,0,1,0,0,1,0,1,1,0,0,1,0,1,0,1,0,1,16,3,3,1,3,0,4,3,3,4,0,7,7,8
171,1,0,0,1,0,1,1,0,0,1,0,0,1,0,0,0,0,1,0,0,0,0,0,1,0,1,0,1,0,0,1,0,1,0,1,0,1,0,1,0,1,0,1,16,1,0,2,2,0,4,3,2,3,2,13,15,16
2,1,0,1,0,0,1,0,1,0,1,1,0,0,0,0,0,0,1,0,0,0,0,1,0,0,1,0,0,1,1,0,0,1,1,0,0,1,0,1,0,1,1,0,15,1,1,1,2,3,4,3,2,3,10,7,8,10
267,1,0,1,0,1,0,1,0,0,1,0,0,0,0,1,0,0,1,0,0,0,0,0,1,0,1,0,1,0,1,0,0,1,0,1,0,1,0,1,0,1,1,0,18,4,4,2,2,0,4,3,4,4,8,12,10,11
22,1,0,0,1,0,1,0,1,0,1,0,0,0,0,1,0,0,1,0,0,1,0,0,0,0,1,0,1,0,1,0,1,0,0,1,0,1,0,1,0,1,1,0,16,4,2,1,2,0,4,5,1,5,2,15,15,16
57,1,0,0,1,0,1,1,0,0,1,0,0,0,0,1,0,1,0,0,0,0,0,0,1,0,1,0,1,0,0,1,1,0,0,1,0,1,0,1,1,0,1,0,15,4,4,1,2,0,3,2,2,5,4,14,15,15
261,1,0,0,1,0,1,1,0,0,1,0,0,0,0,1,0,0,1,0,0,1,0,0,0,0,1,0,1,0,0,1,0,1,1,0,1,0,0,1,0,1,1,0,18,4,3,1,2,0,4,3,2,3,2,8,8,8
130,1,0,1,0,1,0,1,0,0,1,0,0,0,1,0,0,0,0,0,1,1,0,0,0,1,0,0,1,0,0,1,1,0,1,0,0,1,0,1,0,1,0,1,15,3,4,2,3,2,4,2,2,5,0,12,0,0
116,1,0,0,1,0,1,1,0,0,1,0,0,1,0,0,0,0,0,0,1,0,0,0,1,1,0,0,1,0,0,1,1,0,0,1,0,1,0,1,1,0,1,0,15,4,4,2,2,0,4,4,3,2,2,11,13,14
166,1,0,0,1,0,1,1,0,0,1,0,0,1,0,0,0,0,1,0,0,1,0,0,0,1,0,0,1,0,1,0,1,0,1,0,0,1,1,0,0,1,1,0,16,2,2,1,2,0,4,3,5,4,4,10,10,10
240,1,0,0,1,0,1,0,1,0,1,0,1,0,0,0,0,0,1,0,0,1,0,0,0,0,1,0,1,0,1,0,1,0,0,1,0,1,0,1,0,1,0,1,17,4,3,2,2,0,2,5,5,5,14,12,12,12
235,1,0,0,1,0,1,1,0,0,1,1,0,0,0,0,0,0,1,0,0,0,0,0,1,0,1,0,1,0,1,0,1,0,0,1,0,1,0,1,0,1,0,1,16,3,2,2,3,0,5,3,3,2,10,11,9,10
354,0,1,0,1,1,0,1,0,0,1,0,0,0,1,0,0,0,1,0,0,0,1,0,0,0,1,0,1,0,0,1,0,1,0,1,1,0,0,1,0,1,0,1,17,4,3,2,2,0,4,5,5,2,4,13,11,11
292,1,0,1,0,0,1,0,1,0,1,0,0,0,1,0,1,0,0,0,0,0,0,0,1,0,1,0,1,0,1,0,1,0,1,0,0,1,0,1,0,1,0,1,18,2,1,1,2,1,5,4,3,5,12,12,12,13
92,1,0,1,0,0,1,0,1,0,1,0,0,1,0,0,0,0,1,0,0,0,1,0,0,1,0,0,0,1,0,1,1,0,1,0,0,1,0,1,1,0,1,0,16,3,1,1,2,0,3,3,3,2,4,7,6,6
219,1,0,1,0,0,1,1,0,0,1,1,0,0,0,0,1,0,0,0,0,1,0,0,0,0,1,0,1,0,0,1,0,1,0,1,0,1,0,1,0,1,1,0,17,2,2,1,3,0,4,3,3,4,4,9,10,10
390,0,1,0,1,0,1,0,1,1,0,0,0,0,1,0,0,0,0,1,0,1,0,0,0,0,0,1,1,0,0,1,0,1,1,0,0,1,0,1,1,0,1,0,20,2,2,1,2,2,5,5,4,4,11,9,9,9
106,1,0,1,0,0,1,1,0,0,1,0,0,1,0,0,0,0,1,0,0,1,0,0,0,0,1,0,0,1,0,1,0,1,1,0,0,1,0,1,0,1,1,0,15,2,2,1,4,0,5,1,2,3,8,7,8,8
303,1,0,1,0,0,1,1,0,0,1,0,1,0,0,0,0,1,0,0,0,0,0,0,1,1,0,0,1,0,0,1,0,1,0,1,1,0,0,1,0,1,1,0,17,3,2,1,4,0,5,2,2,5,0,17,17,18
316,1,0,1,0,0,1,1,0,0,1,0,0,0,1,0,0,0,1,0,0,1,0,0,0,0,1,0,1,0,0,1,0,1,0,1,0,1,0,1,0,1,1,0,18,2,1,2,2,0,5,3,3,1,0,8,8,0
138,1,0,0,1,0,1,0,1,0,1,0,0,0,1,0,0,0,1,0,0,1,0,0,0,0,1,0,1,0,1,0,1,0,1,0,0,1,0,1,1,0,0,1,16,1,1,1,2,1,4,4,4,5,0,14,12,12
160,1,0,0,1,1,0,0,1,0,1,1,0,0,0,0,0,0,1,0,0,1,0,0,0,0,1,0,1,0,1,0,1,0,0,1,0,1,1,0,0,1,0,1,17,2,1,2,1,2,3,3,2,5,0,7,6,0
137,1,0,1,0,0,1,1,0,1,0,0,0,1,0,0,0,0,1,0,0,1,0,0,0,0,0,1,1,0,0,1,1,0,0,1,1,0,0,1,0,1,0,1,16,3,3,2,1,2,4,3,2,5,0,4,0,0
36,1,0,0,1,0,1,0,1,0,1,0,0,0,0,1,0,0,0,1,0,0,1,0,0,0,1,0,1,0,0,1,1,0,0,1,0,1,0,1,0,1,1,0,15,4,3,1,3,0,5,4,3,4,2,15,16,18
50,1,0,1,0,0,1,0,1,0,1,0,0,0,1,0,0,0,0,1,0,1,0,0,0,0,1,0,1,0,0,1,0,1,1,0,0,1,0,1,0,1,1,0,16,2,2,3,2,0,4,3,3,4,2,12,13,13
109,1,0,1,0,0,1,0,1,0,1,0,1,0,0,0,0,1,0,0,0,0,0,1,0,0,1,0,1,0,0,1,0,1,0,1,0,1,0,1,0,1,0,1,16,4,4,1,3,0,5,4,5,4,4,14,15,16
144,1,0,0,1,0,1,1,0,0,1,0,0,1,0,0,0,0,1,0,0,0,1,0,0,0,1,0,1,0,0,1,1,0,1,0,0,1,0,1,0,1,1,0,17,2,1,1,1,3,5,4,5,5,0,5,0,0
201,1,0,1,0,0,1,1,0,0,1,0,0,1,0,0,0,0,1,0,0,0,0,0,1,0,1,0,0,1,0,1,0,1,0,1,0,1,0,1,1,0,1,0,16,2,3,1,2,0,4,4,3,4,6,8,10,10
47,1,0,0,1,0,1,1,0,0,1,0,1,0,0,0,0,0,0,1,0,0,0,0,1,0,1,0,1,0,1,0,1,0,0,1,0,1,0,1,0,1,1,0,16,4,3,1,4,0,4,2,2,2,4,19,19,20
304,1,0,0,1,0,1,1,0,0,1,0,0,1,0,0,0,0,1,0,0,0,1,0,0,0,0,1,1,0,0,1,1,0,0,1,0,1,0,1,0,1,0,1,19,3,3,1,2,1,4,4,4,3,20,15,14,13
257,1,0,0,1,0,1,0,1,1,0,0,0,0,1,0,1,0,0,0,0,0,0,0,1,0,1,0,1,0,0,1,1,0,1,0,0,1,0,1,0,1,1,0,19,4,3,1,2,0,4,3,1,1,12,11,11,11
131,1,0,1,0,0,1,1,0,0,1,1,0,0,0,0,0,0,1,0,0,1,0,0,0,0,1,0,1,0,0,1,1,0,0,1,1,0,0,1,0,1,0,1,15,1,1,3,1,0,4,3,3,4,0,8,0,0
301,1,0,0,1,0,1,0,1,0,1,0,0,1,0,0,0,0,0,0,1,0,1,0,0,1,0,0,1,0,1,0,0,1,1,0,0,1,0,1,0,1,1,0,17,4,4,2,1,0,4,1,1,5,0,11,11,10
340,1,0,1,0,0,1,1,0,0,1,0,0,0,1,0,0,0,0,1,0,0,1,0,0,0,0,1,1,0,1,0,0,1,0,1,0,1,0,1,0,1,0,1,19,2,1,1,3,1,4,3,4,3,4,11,12,11
380,0,1,0,1,0,1,1,0,0,1,0,0,0,0,1,0,0,0,0,1,0,1,0,0,1,0,0,1,0,1,0,0,1,0,1,1,0,0,1,0,1,1,0,18,4,4,1,2,0,3,2,4,2,4,15,14,14
88,1,0,0,1,0,1,1,0,0,1,0,0,0,1,0,0,0,1,0,0,0,0,0,1,1,0,0,1,0,1,0,0,1,0,1,1,0,0,1,0,1,1,0,16,2,2,2,2,1,4,4,2,3,12,11,10,10
259,1,0,1,0,0,1,0,1,0,1,0,0,0,1,0,0,0,0,1,0,1,0,0,0,1,0,0,1,0,1,0,0,1,0,1,0,1,0,1,0,1,0,1,17,2,2,1,4,0,3,4,1,2,0,10,9,0
167,1,0,1,0,0,1,1,0,0,1,0,1,0,0,0,0,0,0,1,0,0,1,0,0,1,0,0,1,0,1,0,0,1,1,0,0,1,0,1,0,1,0,1,16,4,2,1,2,0,4,2,3,3,0,14,15,16
129,1,0,0,1,1,0,1,0,0,1,0,0,0,0,1,0,0,0,0,1,1,0,0,0,0,1,0,1,0,1,0,0,1,0,1,0,1,0,1,0,1,1,0,16,4,4,1,1,0,3,5,5,4,8,18,18,18
387,0,1,1,0,1,0,1,0,0,1,0,0,0,1,0,0,0,1,0,0,1,0,0,0,0,1,0,1,0,1,0,1,0,0,1,1,0,0,1,0,1,1,0,19,2,3,1,3,1,5,4,2,5,0,7,5,0
345,1,0,1,0,0,1,1,0,0,1,0,0,1,0,0,0,0,0,1,0,0,0,1,0,0,1,0,1,0,1,0,1,0,1,0,0,1,0,1,0,1,0,1,18,3,2,1,3,0,5,4,3,1,7,13,13,14
156,1,0,0,1,1,0,0,1,0,1,0,0,1,0,0,0,0,1,0,0,0,0,0,1,0,1,0,1,0,1,0,1,0,1,0,0,1,0,1,1,0,1,0,17,1,2,1,1,0,2,2,2,5,8,16,12,13
136,1,0,0,1,1,0,1,0,0,1,1,0,0,0,0,0,0,1,0,0,1,0,0,0,0,1,0,1,0,1,0,1,0,1,0,0,1,0,1,1,0,1,0,17,3,4,3,2,0,5,4,5,5,0,10,0,0
253,1,0,0,1,1,0,1,0,0,1,0,0,1,0,0,0,0,1,0,0,1,0,0,0,0,1,0,1,0,1,0,1,0,0,1,1,0,0,1,1,0,1,0,16,2,1,2,1,0,3,3,2,3,0,8,9,8
151,1,0,0,1,0,1,0,1,0,1,1,0,0,0,0,0,0,1,0,0,1,0,0,0,0,1,0,1,0,1,0,1,0,0,1,0,1,0,1,1,0,0,1,16,2,1,1,1,1,4,4,4,5,6,12,13,14
255,1,0,0,1,0,1,0,1,0,1,0,1,0,0,0,0,0,1,0,0,1,0,0,0,0,1,0,1,0,0,1,1,0,0,1,0,1,0,1,0,1,1,0,17,1,1,2,1,1,4,4,4,5,2,7,9,8
374,0,1,1,0,1,0,0,1,0,1,0,0,1,0,0,0,0,1,0,0,0,0,0,1,0,1,0,1,0,1,0,1,0,1,0,0,1,0,1,0,1,1,0,18,4,4,2,3,0,5,4,4,1,0,19,18,19
317,1,0,1,0,0,1,1,0,0,1,0,0,1,0,0,0,0,1,0,0,1,0,0,0,0,1,0,1,0,0,1,0,1,0,1,0,1,0,1,0,1,0,1,18,4,3,1,3,0,4,3,4,5,9,9,10,9
143,1,0,1,0,0,1,0,1,0,1,1,0,0,0,0,1,0,0,0,0,1,0,0,0,0,1,0,1,0,1,0,1,0,1,0,0,1,0,1,0,1,1,0,16,1,1,1,1,0,3,4,4,1,2,14,14,13
318,1,0,1,0,1,0,1,0,0,1,1,0,0,0,0,0,0,0,1,0,1,0,0,0,1,0,0,1,0,0,1,0,1,0,1,1,0,0,1,0,1,1,0,17,3,4,1,3,0,4,3,4,5,0,11,11,10
132,1,0,1,0,0,1,0,1,0,1,0,0,1,0,0,0,0,1,0,0,1,0,0,0,1,0,0,1,0,0,1,1,0,1,0,0,1,0,1,0,1,0,1,17,2,2,1,1,0,3,4,4,5,12,10,13,12
